Product Title;SKU;;Price;Volume ;Weight ;Quantity ;amount;Description
"Стимул NPK для Кактусов";101310;101;7,16;310;;;9;Комплексное быстродействующее ,сбалансированное  калий-азотно-фосфорное  удобрение, содержащее микроэлементы необходимые  для  растений. Удобрение содержит питательные вещества: N -3%, P- 2,5%, K-3% и микроэлементы- S, Mg, Fe, Mn, Cu, Zn, B, Mo. Обеспечивает активный, гармоничный,  рост растений. Стимулирует цветение  и  бутонизацию. Восстанавливает  плодородие почвы. Сбалансированный состав. Легкоусваиваемые  формы.  
Стимул NPK для Фиалок;102310;102;7,16;310;;;9;"Комплексное быстродействующее ,сбалансированное  калий-азотно-фосфорное  удобрение, содержащее микроэлементы необходимые  для  растений. 
Удобрение содержит питательные вещества: N -3%, P- 2,5%, K-3% и микроэлементы- S, Mg, Fe, Mn, Cu, Zn, B, Mo. 
Обеспечивает активный, гармоничный,  рост растений. Стимулирует цветение  и  бутонизацию. Восстанавливает  плодородие почвы. 
Сбалансированный состав. Легкоусваиваемые  формы.  
"
"Стимул NPK Зимнее";103310;103;7,16;310;;;9;Комплексное быстродействующее ,сбалансированное  калий-азотно-фосфорное  удобрение, содержащее микроэлементы необходимые  для  растений. Удобрение содержит питательные вещества: N -3%, P- 2,5%, K-3% и микроэлементы- S, Mg, Fe, Mn, Cu, Zn, B, Mo. Обеспечивает активный, гармоничный,  рост растений. Стимулирует цветение  и  бутонизацию. Восстанавливает  плодородие почвы. Сбалансированный состав. Легкоусваиваемые  формы.  
"Стимул NPK для Декор.Листв".;104310;104;7,16;310;;;9;Комплексное быстродействующее ,сбалансированное  калий-азотно-фосфорное  удобрение, содержащее микроэлементы необходимые  для  растений. Удобрение содержит питательные вещества: N -3%, P- 2,5%, K-3% и микроэлементы- S, Mg, Fe, Mn, Cu, Zn, B, Mo. Обеспечивает активный, гармоничный,  рост растений. Стимулирует цветение  и  бутонизацию. Восстанавливает  плодородие почвы. Сбалансированный состав. Легкоусваиваемые  формы.  
Стимул NPK для Луковичных;105310;105;7,16;310;;;9;Комплексное быстродействующее ,сбалансированное  калий-азотно-фосфорное  удобрение, содержащее микроэлементы необходимые  для  растений. Удобрение содержит питательные вещества: N -3%, P- 2,5%, K-3% и микроэлементы- S, Mg, Fe, Mn, Cu, Zn, B, Mo. Обеспечивает активный, гармоничный,  рост растений. Стимулирует цветение  и  бутонизацию. Восстанавливает  плодородие почвы. Сбалансированный состав. Легкоусваиваемые  формы.  
Стимул NPK для Орхидей;106310;106;7,16;310;;;9;Комплексное быстродействующее ,сбалансированное  калий-азотно-фосфорное  удобрение, содержащее микроэлементы необходимые  для  растений. Удобрение содержит питательные вещества: N -3%, P- 2,5%, K-3% и микроэлементы- S, Mg, Fe, Mn, Cu, Zn, B, Mo. Обеспечивает активный, гармоничный,  рост растений. Стимулирует цветение  и  бутонизацию. Восстанавливает  плодородие почвы. Сбалансированный состав. Легкоусваиваемые  формы.  
Стимул NPK для Цветущих;107310;107;7,16;310;;;9;Комплексное быстродействующее ,сбалансированное  калий-азотно-фосфорное  удобрение, содержащее микроэлементы необходимые  для  растений. Удобрение содержит питательные вещества: N -3%, P- 2,5%, K-3% и микроэлементы- S, Mg, Fe, Mn, Cu, Zn, B, Mo. Обеспечивает активный, гармоничный,  рост растений. Стимулирует цветение  и  бутонизацию. Восстанавливает  плодородие почвы. Сбалансированный состав. Легкоусваиваемые  формы.  
Стимул NPK Универсал.;108310;108;7,16;310;;;9;Комплексное быстродействующее ,сбалансированное  калий-азотно-фосфорное  удобрение, содержащее микроэлементы необходимые  для  растений. Удобрение содержит питательные вещества: N -3%, P- 2,5%, K-3% и микроэлементы- S, Mg, Fe, Mn, Cu, Zn, B, Mo. Обеспечивает активный, гармоничный,  рост растений. Стимулирует цветение  и  бутонизацию. Восстанавливает  плодородие почвы. Сбалансированный состав. Легкоусваиваемые  формы.  
